[{"expressID":140,"type":3124254112,"GlobalId":{"type":1,"value":"3lMSBJ1J9AUQZulZNJlLzr"},"OwnerHistory":{"type":5,"value":42},"Name":{"type":1,"value":"B2  BASEMENT"},"Description":null,"ObjectType":null,"ObjectPlacement":{"type":5,"value":138},"Representation":null,"LongName":{"type":1,"value":"B2  BASEMENT"},"CompositionType":{"type":3,"value":"ELEMENT"},"Elevation":{"type":4,"value":-29.5}},{"expressID":146,"type":3124254112,"GlobalId":{"type":1,"value":"3lMSBJ1J9AUQZulZNJlLpR"},"OwnerHistory":{"type":5,"value":42},"Name":{"type":1,"value":"B1 BASEMENT"},"Description":null,"ObjectType":null,"ObjectPlacement":{"type":5,"value":145},"Representation":null,"LongName":{"type":1,"value":"B1 BASEMENT"},"CompositionType":{"type":3,"value":"ELEMENT"},"Elevation":{"type":4,"value":-14.75}},{"expressID":152,"type":3124254112,"GlobalId":{"type":1,"value":"3lMSBJ1J9AUQZulZNJlLny"},"OwnerHistory":{"type":5,"value":42},"Name":{"type":1,"value":"B1 MEZZANINE"},"Description":null,"ObjectType":null,"ObjectPlacement":{"type":5,"value":151},"Representation":null,"LongName":{"type":1,"value":"B1 MEZZANINE"},"CompositionType":{"type":3,"value":"ELEMENT"},"Elevation":{"type":4,"value":-8.25}},{"expressID":156,"type":3124254112,"GlobalId":{"type":1,"value":"3lMSBJ1J9AUQZulZNJl9KP"},"OwnerHistory":{"type":5,"value":42},"Name":{"type":1,"value":"1ST FLOOR- ARCH"},"Description":null,"ObjectType":null,"ObjectPlacement":{"type":5,"value":155},"Representation":null,"LongName":{"type":1,"value":"1ST FLOOR- ARCH"},"CompositionType":{"type":3,"value":"ELEMENT"},"Elevation":{"type":4,"value":0}},{"expressID":162,"type":3124254112,"GlobalId":{"type":1,"value":"3lMSBJ1J9AUQZulZNJlBFT"},"OwnerHistory":{"type":5,"value":42},"Name":{"type":1,"value":"2ND FLOOR"},"Description":null,"ObjectType":null,"ObjectPlacement":{"type":5,"value":161},"Representation":null,"LongName":{"type":1,"value":"2ND FLOOR"},"CompositionType":{"type":3,"value":"ELEMENT"},"Elevation":{"type":4,"value":14.7499999999591}},{"expressID":168,"type":3124254112,"GlobalId":{"type":1,"value":"3lMSBJ1J9AUQZulZNJlupQ"},"OwnerHistory":{"type":5,"value":42},"Name":{"type":1,"value":"3RD FLOOR"},"Description":null,"ObjectType":null,"ObjectPlacement":{"type":5,"value":167},"Representation":null,"LongName":{"type":1,"value":"3RD FLOOR"},"CompositionType":{"type":3,"value":"ELEMENT"},"Elevation":{"type":4,"value":26.75}},{"expressID":174,"type":3124254112,"GlobalId":{"type":1,"value":"3lMSBJ1J9AUQZulZNJlu_M"},"OwnerHistory":{"type":5,"value":42},"Name":{"type":1,"value":"4TH FLOOR"},"Description":null,"ObjectType":null,"ObjectPlacement":{"type":5,"value":173},"Representation":null,"LongName":{"type":1,"value":"4TH FLOOR"},"CompositionType":{"type":3,"value":"ELEMENT"},"Elevation":{"type":4,"value":38.75}},{"expressID":180,"type":3124254112,"GlobalId":{"type":1,"value":"3lMSBJ1J9AUQZulZNJluu1"},"OwnerHistory":{"type":5,"value":42},"Name":{"type":1,"value":"5TH FLOOR"},"Description":null,"ObjectType":null,"ObjectPlacement":{"type":5,"value":179},"Representation":null,"LongName":{"type":1,"value":"5TH FLOOR"},"CompositionType":{"type":3,"value":"ELEMENT"},"Elevation":{"type":4,"value":50.75}},{"expressID":186,"type":3124254112,"GlobalId":{"type":1,"value":"3lMSBJ1J9AUQZulZNJluvB"},"OwnerHistory":{"type":5,"value":42},"Name":{"type":1,"value":"5TH FLOOR EXHIBITION"},"Description":null,"ObjectType":null,"ObjectPlacement":{"type":5,"value":185},"Representation":null,"LongName":{"type":1,"value":"5TH FLOOR EXHIBITION"},"CompositionType":{"type":3,"value":"ELEMENT"},"Elevation":{"type":4,"value":54.75}},{"expressID":192,"type":3124254112,"GlobalId":{"type":1,"value":"3lMSBJ1J9AUQZulZNJltCS"},"OwnerHistory":{"type":5,"value":42},"Name":{"type":1,"value":"6TH FLOOR"},"Description":null,"ObjectType":null,"ObjectPlacement":{"type":5,"value":191},"Representation":null,"LongName":{"type":1,"value":"6TH FLOOR"},"CompositionType":{"type":3,"value":"ELEMENT"},"Elevation":{"type":4,"value":62.75}},{"expressID":198,"type":3124254112,"GlobalId":{"type":1,"value":"3lMSBJ1J9AUQZulZNJlNAm"},"OwnerHistory":{"type":5,"value":42},"Name":{"type":1,"value":"7TH FLOOR"},"Description":null,"ObjectType":null,"ObjectPlacement":{"type":5,"value":197},"Representation":null,"LongName":{"type":1,"value":"7TH FLOOR"},"CompositionType":{"type":3,"value":"ELEMENT"},"Elevation":{"type":4,"value":74.75}},{"expressID":204,"type":3124254112,"GlobalId":{"type":1,"value":"3lMSBJ1J9AUQZulZNJlN8U"},"OwnerHistory":{"type":5,"value":42},"Name":{"type":1,"value":"8 ROOF"},"Description":null,"ObjectType":null,"ObjectPlacement":{"type":5,"value":203},"Representation":null,"LongName":{"type":1,"value":"8 ROOF"},"CompositionType":{"type":3,"value":"ELEMENT"},"Elevation":{"type":4,"value":88}}]